type_of_action,traveled_distance_pixel,elapsed_time,direction_of_movement,straightness,num_points,sum_of_angles,mean_curv,sd_curv,max_curv,min_curv,mean_omega,sd_omega,max_omega,min_omega,largest_deviation,dist_end_to_end_line,num_critical_points,mean_vx,sd_vx,max_vx,min_vx,mean_vy,sd_vy,max_vy,min_vy,mean_v,sd_v,max_v,min_v,mean_a,sd_a,max_a,min_a,mean_jerk,sd_jerk,max_jerk,min_jerk,a_beg_time,class,n_from,n_to
3,397.24992738610507,1.415,7,0.8573934141701972,295,-40.51895394227071,-0.0004715326193268982,0.5201345891950863,1.5707963267948966,-1.5707963267948966,-4.686909938010933,503.7089975727076,1570.7963267950695,-1570.7963267950695,536.0842140621021,340.59947152043554,178,841.7319174681545,591.3150679107574,2999.9999999999973,0.0,-78.93187522727553,453.45534920532407,1999.9999999999982,-1999.9999999999982,982.1179360715682,551.1470566577611,2999.9999999999973,0.0,91738.80252157715,564847.3067077422,1999999.9999999965,-1236067.9774997872,81037749.62782654,844838644.6926085,2604101966.249677,-2292893218.813446,0.111,3,2,297
3,254.06001967750944,0.16700000000000004,7,0.9803362569809482,119,-11.423243688163168,0.006118332771340346,0.26097693659731813,0.7853981633974483,-1.5707963267948966,10.41239284608572,304.92322567206986,1570.7963267947207,-785.3981633975347,212.1099285322466,249.06424873915566,72,1910.7242897158822,1132.0269045693535,6000.000000000661,0.0,-158.2633053221291,342.6645126825574,0,-1000.0000000001102,1950.0198403827305,1126.9845878095646,6082.76253029889,0.0,82782.78555569376,1177573.1955527982,4082762.5302991197,-3162277.660169076,100783230.3566589,1939070884.4844017,6162277660.165014,-5763932022.503107,0.0030000000000001137,3,298,417
3,90.30003487690547,0.1459999999999999,7,0.9213568720457301,62,-16.133654431761457,-0.06870053238631126,0.5511239647846546,0.7853981633974483,-1.5707963267948966,5.189525070908394,659.3275170165537,1570.7963267950695,-1570.7963267950695,102.83832122340651,83.19855767980596,30,985.2150537634325,686.792770364226,3000.0000000003306,0.0,-258.06451612902845,411.0037782014948,0,-1000.0000000001102,1115.3539974238852,653.4987189802015,3000.0000000003306,0.0,107170.81176455581,850385.3006412231,2236067.9775002827,-1250000.0000002754,104273503.0103757,1251514614.145227,3000000000.0014353,-2499999999.9997153,0.0009999999999998899,3,418,480
3,618.4628672044657,0.6559999999999997,6,0.8426965970233954,202,-222.952773794694,-0.019888620502955097,1.1430643718603433,5.176036589385496,-4.71238898038469,-17.408865580522836,1127.9362795394293,4712.388980385209,-4712.388980385209,578.1591630149841,521.1765535785354,44,579.0429042904306,1566.2156505609692,7000.000000000771,-3999.9999999986644,-2416.8316831683383,1935.9870950188963,0,-11999.999999995993,2928.3927168784853,1943.7303934449335,12649.110640669292,0.0,48826.47141374102,1809284.590661579,5656854.249493627,-7663426.959111154,44740442.45060842,3108736777.344593,10427358981.614115,-13320281208.600332,0.0009999999999998899,3,481,913
3,492.28401469763514,0.5330000000000004,1,0.9526327681157578,159,210.38281248948752,0.05918880180954338,0.46738762230352676,1.5707963267948966,-1.5707963267948966,0.1470534528957875,550.9814355278746,1570.796326795767,-3141.592653588744,317.4346049454882,468.96588362054655,36,774.0041928721101,992.4898060742895,3999.9999999986644,-1000.0000000005542,2740.823327615787,2015.6730057404861,9999.99999999666,0.0,2968.0612750418886,2083.4929973423805,10770.32961426541,0.0,18853.89041339022,1761840.1629390856,5385164.807130907,-7608051.954099496,19992099.992196657,3106676064.0297956,9544793807.516613,-12993216761.237602,0.009000000000000341,3,914,1073
3,493.7712044872494,0.3929999999999998,7,0.9647939025776402,129,-34.128685588762295,-0.011204653780485158,0.2837386345360539,1.5707963267948966,-1.5707963267948966,-4.763964263290915,363.51863830216587,1570.796326794372,-1570.796326795767,239.4185670353239,476.38744735771536,41,3541.343669250634,2769.1325401997624,14999.99999999499,0.0,-637.6556260277404,760.9711929008723,0,-2999.999999998998,3704.352473832271,2731.4031067581095,14999.99999999499,0.0,42239.96035343124,2924648.8829672243,9558302.6407811,-11999999.999991985,30591120.255860906,5228766153.988565,15082762530.304644,-20917237469.675423,0.0019999999999997797,3,1074,1203
3,424.26049445615774,0.46699999999999964,5,0.9683056325420402,127,-194.95740075024224,0.003856361929323123,0.8651877664961966,4.71238898038469,-4.71238898038469,30.342701558774202,799.9312315146111,4712.388980387302,-2748.8935718913717,733.7046140994707,410.81382644696856,36,-374.0157480315004,725.6325329851741,2000.0000000011084,-2000.0000000011084,-3066.929133858277,2159.8336356606674,0,-10999.999999996326,3190.9549667573197,2131.9177208286296,11180.339887495214,0.0,95848.44984007493,1849252.0009235893,7057234.261876574,-7180339.887496977,75854481.29124367,3239481303.664861,9016891166.558214,-14237574149.381441,0.0019999999999997797,3,1204,1331
3,522.466102030598,0.3019999999999996,3,0.9939778778824194,110,329.3475855249365,0.02428743493954387,0.15796584833999935,1.5707963267948966,-0.20734951426621082,14.128855849448085,476.4470054697169,3141.592653588744,-3141.592653591534,608.3073127967725,519.3197473618734,57,-4681.818181818152,2625.7367169448657,0,-14000.00000000776,336.3636363636531,593.8631492086112,3000.0000000016626,0.0,4722.419109369043,2640.7492445497746,14035.668847625979,0.0,3567.7879714191777,2677842.71560799,8566268.855396023,-8035668.847625298,-8069996.602127967,4707229962.580021,12720805696.836437,-15988575164.954159,0.001000000000000334,3,1332,1442
3,563.7219425885809,0.27200000000000024,1,0.9662954486350379,153,194.67988116724757,0.030986263375851714,0.40672588354284006,3.141592653589793,-1.5707963267948966,8.118237168028369,546.2296371603398,3141.592653588744,-1570.7963267950695,321.4080152810782,544.7219474190479,37,1037.581699346407,1157.1284485116078,4000.000000002217,-999.9999999996661,3320.872119891652,2258.955505970571,10999.999999996326,10.10101010101008,3593.8449029465073,2370.6965248773204,11180.339887495214,10.10101010101008,33635.684459212585,1716358.0969768504,8180339.88749082,-8180339.887498085,35416633.39148945,3062775003.544475,10565504694.624804,-16360679774.997972,0.001000000000000334,3,1443,1596
3,560.4209659580205,0.21999999999999975,7,0.9705578184589907,117,-50.52090193232813,-0.027430087449734603,0.26630812107943186,1.5707963267948966,-1.5707963267948966,-23.35640850704097,362.8043739220339,785.3981633975347,-1570.796326794372,234.33000690165062,543.9209501388966,23,4213.675213675089,3075.0708722578033,18999.999999993655,0.0,-1867.5213675212683,1537.4882818121578,0,-6999.999999997663,4744.380673788504,3245.2492314586357,20248.456731309827,0.0,4680.113955037048,3106020.368123862,12968346.842020942,-12186198.983013563,-4773225.522155207,5594453577.048473,14722491618.19469,-25154545825.048447,0.0039999999999995595,3,1597,1714
3,386.14472583112683,0.20599999999999952,5,0.9386019723622538,152,-242.00384610142393,0.0029791062246767516,0.8204446315296622,5.300391583932257,-4.71238898038469,-3.8107187736974892,953.1395938570977,5300.391583935194,-5034.1395347751795,876.6011752575114,362.4362012823774,48,-449.15313549834184,864.8659361214476,1000.0000000005542,-3000.0000000016626,-2307.7057670773147,1326.0271511937103,0,-8000.000000004434,2498.3997828194447,1334.959581559301,8544.003745322267,30.08965026325696,14344.253125060026,1452523.6096148656,5381726.085155117,-4938452.469859017,19476198.04461819,2568141835.577852,6162277660.164869,-10320178555.019854,0.005999999999999339,3,1715,1867
3,658.628631154507,0.22299999999999898,3,0.9874000089144485,136,402.23185068885914,0.02479186456110376,0.2536917645567732,3.141592653589793,-1.5707963267948966,-2.8271257679962853,425.6246032519103,1409.9210495973568,-3141.5926535859535,681.9753926461469,650.3299162732712,59,-3670.0525210081237,2577.969232163631,0,-16999.999999979224,384.5413165266365,539.5903814712109,2000.0000000011084,0.0,3741.466112774987,2559.3009718187814,16999.999999979224,20.000000000000426,19384.478151155767,2813162.084194678,11475985.225453114,-13999999.99998532,11819280.841867192,4963683759.188418,15999999999.996405,-25475985225.452553,0.006000000000000227,3,1868,2004
3,621.0807040699696,0.34800000000000075,1,0.9817365835160361,162,218.48491026594752,0.016664896079068688,0.1478813858521413,1.5707963267948966,-0.5553603672697913,1.4541435982759074,329.8137110164463,1570.796326795767,-1570.7963267929767,485.3530050626802,609.7376485013862,42,888.8888888889751,997.5431824687868,5000.000000002771,-1000.0000000005542,3545.1205173428393,2100.454200555586,11000.000000006097,0.0,3722.6416631793877,2213.759321961931,12083.045973601269,0.0,37961.46398822839,2010211.6449983232,6819317.160645187,-7219544.457284512,27872376.493434332,3478816536.5354505,11050496352.140182,-12742517113.254805,0.006000000000000227,3,2005,2167
3,593.4584247878457,0.26099999999999923,7,0.9875487213150954,127,-1.7664191388841832,0.004139224380419499,0.2882093778719961,1.5707963267948966,-1.5707963267948966,2.197817501627793,302.9241478358924,1570.796326795767,-1570.7963267929767,392.81033011351303,586.0691085529078,74,4548.162729658891,3129.5019189707878,15000.000000008313,0.0,-74.8031496062303,547.403661088281,3000.0000000016626,-1999.9999999975557,4599.47253659403,3101.9838403399017,15033.29637838124,0.0,13767.786546704157,2243311.919466822,8033296.378394246,-8033296.378381812,11193743.559627632,3926382960.1472898,10000000000.002417,-16066592756.784962,0.006999999999999673,3,2168,2295
3,657.328413820859,0.391,5,0.9880328789354849,147,-236.76366222168556,0.025028327336823784,0.43995323055167584,4.71238898038469,-1.6660811018093737,3.043084482258371,296.8699731362948,1570.796326795767,-1570.796326795767,848.2712272629509,649.4620851135192,72,-504.15721844292756,784.6756573845805,0,-3000.0000000016626,-4305.798509880278,2924.4139531867118,0,-23000.000000012747,4380.800628040803,2960.596396861791,23194.827009499262,0.0,41504.95740455205,2795091.1031066934,16123759.197651364,-15132569.26120463,-12718386.940123409,4795605568.253997,18052691385.807167,-31256328458.873318,0.0009999999999994458,3,2296,2443
3,648.7623972174096,0.22300000000000075,3,0.9877500741223704,141,412.01716330667233,0.017343771508139885,0.3580355046753536,1.5707963267948966,-1.5707963267948966,29.640430317267942,575.4406828176215,3141.592653591534,-2677.9450445904713,685.3146811454794,640.815105939303,55,-4483.451536642974,3152.7564713388647,0,-20000.000000011085,415.9067882472388,571.3859549928497,2000.0000000011084,0.0,4550.155468276081,3135.381875633248,20024.984394511885,0.0,23076.61159700937,3274610.0579724545,14024984.394516332,-16024984.39449719,21599697.13993535,5958890184.469907,20024984394.519825,-30049968788.976795,0.0030000000000001137,3,2444,2586
3,153.7809378441502,0.3569999999999993,1,0.913724070953489,106,143.9077174015253,0.07363248068237306,0.6519120800861812,1.5707963267948966,-1.5707963267948966,-25.20840308717269,742.4553653055589,2034.4439357932163,-1570.796326795767,75.72234532717307,140.51334456200237,38,91.98113207548428,455.6117010339226,1000.0000000005542,-1000.0000000005542,1081.761006289196,707.4552201407537,3000.0000000016626,0.0,1192.1199824287326,678.9503254120655,3000.0000000016626,0.0,72030.2246438353,869155.3385742548,2236067.9774943246,-2236067.9775022683,72969487.14685884,1476958361.3184795,4236067977.491364,-3999999999.9977684,0,3,2587,2694
3,254.64656592738342,0.41000000000000014,7,0.8941521541359613,136,-63.294167671406925,-0.04847100665130756,0.5278650347082785,1.5707963267948966,-1.5707963267948966,12.2260165497717,627.8949838366829,1570.796326795767,-1570.796326795767,122.70042359781819,227.69277546729498,39,1311.8872549019172,1070.656160839886,4999.999999993889,0.0,-504.16666666665566,522.5618231879397,0,-2000.0000000011084,1547.2516075868255,997.2042675186855,5099.019513586553,0.0,55580.38837884077,1148327.1619581408,3684805.9512081714,-3684805.951214717,48283968.97190096,2021673083.4121532,5432870048.998754,-7369611902.426972,0.002000000000000668,3,2695,2832
3,293.69710863651784,0.24600000000000044,0,0.9371246911701847,154,62.82191759998042,0.017712855966112166,0.5002883486676468,1.5707963267948966,-1.5707963267948966,1.4203495786600213,584.7763605770431,1570.796326795767,-1570.7963267929767,497.0373734405532,275.230812228573,32,1557.3593073593097,939.2829443227405,4000.000000002217,0.0,663.6363636364106,606.4789109008946,2000.0000000011084,0.0,1799.4613999262717,934.3032794195593,4123.105625619945,0.0,18708.0107412607,1145381.6294526483,3162277.66016065,-4123105.6256222306,4115623.654061221,2087594559.7461782,7285383285.773977,-5246211251.247596,0.0009999999999994458,3,2833,2988
1,320.8652753783847,0.3019999999999996,0,0.8895563686035215,199,133.44177488718935,-0.015289974673735612,0.6448374245822359,1.5707963267948966,-1.5707963267948966,3.9779715994616334,713.3283675427903,1570.796326795767,-1570.796326795767,581.7163905016445,285.4277491765648,48,909.2366594879309,666.119545293978,4000.000000002217,0.0,818.2579564489471,770.2802593420209,4000.000000002217,166.66666666666035,1374.7675657815082,799.5882675408473,5656.854249495515,71.4285714285657,38752.303753501146,954401.219702144,5097837.255123332,-4242640.687118963,15497336.438735746,1587567149.5123124,5311636397.125389,-9340477942.230879,0.006999999999999673,3,2989,3187
3,520.4570255686177,0.30799999999999983,3,0.9239020798108176,218,569.1314551650846,0.04477176716929668,0.4565532356649201,3.141592653589793,-1.5707963267948966,8.62571977430398,655.2976119525139,3141.592653591534,-3141.592653591534,215.04359850568846,480.8513283749978,56,-1961.3149847094414,1255.3037504713623,0,-5000.000000002771,812.4617737002956,778.7424586551161,3000.0000000016626,0.0,2287.2797845532746,1204.4704002883825,5830.951894848532,0.0,30047.51263552059,1071969.3336283825,3684805.9512237743,-2999999.9999962198,19937214.68898658,1846247249.65918,5270592388.855358,-5783825464.8134165,0.0010000000000012221,3,3191,3410
3,407.62243112729425,0.33800000000000097,4,0.8984559572243743,228,-252.24795317216976,0.20276661280441288,1.87603350148889,5.81953769817878,-4.71238898038469,-21.389838411657585,2480.905073824929,5961.434752775658,-5961.434752786248,403.64709734005663,366.23080154459973,65,-1097.587719298284,855.1986856695491,0,-4000.000000002217,-924.7740563530733,743.4543140128646,0,-3999.9999999951115,1590.9969920139667,899.2055029990861,5656.854249485466,0.0,56806.437215684186,1016109.7493731243,3854078.611748563,-2708892.063245268,46227887.12663619,1684890768.8323061,4357388321.064794,-6348655201.068799,0.0009999999999994458,3,3411,3640
1,402.9939635743967,0.31899999999999906,7,0.8748885755718976,239,-142.4029052389579,-0.03998779881162502,0.5647043804708967,1.5707963267948966,-1.5707963267948966,0.13670080235907678,717.7241582716581,1570.796326795767,-1570.796326795767,88.56843623853081,352.5748147556771,54,1111.8549511854856,865.3719875686255,4000.000000002217,0.0,-721.5481171547447,665.0393512788881,0,-3000.0000000016626,1509.3725932039301,815.7281378262815,4472.135955002058,0.0,40946.45735013905,915482.410461852,2585786.4376180726,-2605551.275466877,28514927.45024489,1562584704.2619207,4171572875.241637,-3975034573.438769,0.002000000000000668,3,3641,3879
3,183.43902408759158,0.3949999999999996,6,0.844034897338774,156,-151.43994848110307,-0.05012256553978393,0.9135452688760661,1.570796326794898,-1.5707963267948966,36.89116305784515,825.9160492809773,1570.796326795767,-1570.796326795767,174.59268514647962,154.82893786369524,44,352.0909645909927,429.168841267017,1000.0000000005542,0.0,-534.9969474968641,410.1882281155189,0,-1999.9999999975557,779.1266274189378,391.2183220598459,1999.9999999975557,0.0,74235.9250347105,405716.67626149923,1528595.4792046738,-999999.9999993321,53392844.284988806,577852936.076478,2414213562.375333,-1828427124.7492304,0.0019999999999988916,3,3883,4040
1,203.26349671292277,0.29600000000000115,4,0.8654517654502825,153,155.1491293531098,0.40160303649116463,2.771096423645827,5.81953769817878,-4.71238898038469,108.67801889957737,2959.285528282088,5961.434752775658,-5961.434752786248,568.354835605319,175.9147520817967,72,-779.0151750936602,604.8071939435081,0,-3000.0000000016626,-229.86305633364623,359.32652819720016,0,-1000.0000000005542,906.6529191017156,574.8510124645101,3162.2776601701316,90.90909090908256,46440.38732028421,618989.4483081499,2162277.660170776,-2000000.0000022168,38733951.21934433,933036525.7360771,3118033988.7540855,-3324555320.337868,0.0010000000000012221,3,4041,4193
1,340.7588340005919,0.29100000000000037,3,0.8900583211358363,213,525.1300351436271,0.17151721646179569,1.3166681145137058,5.81953769817878,-3.887522570888578,8.264076293111717,1688.9423623819853,5819.537698171668,-5819.537698192343,228.21987242764786,303.29523570277195,84,-1144.757433490059,753.6287427887191,0,-5000.000000011653,303.8788285267702,569.0731467114746,2000.0000000046612,-1000.0000000023306,1326.764738944146,728.6530083777292,5000.000000011653,142.85714285711327,59428.00941145856,970460.6078102851,3000000.0000210893,-5000000.000005542,46144893.94892314,1642293395.645245,6999999999.992099,-8000000000.016855,0.0019999999999988916,3,4197,4409
3,651.5602082774409,0.4839999999999982,0,0.9659654044087469,206,2.384560759532204,-0.007115238832164077,0.3473923810727644,1.5707963267948966,-1.5707963267948966,-8.061762508253173,429.73354845026995,1570.7963267929767,-1570.7963267985574,581.3011445217344,629.3846200853656,95,2981.5533980582236,1970.9849490791298,9999.999999987778,0.0,107.60517799344152,647.5631022062682,2999.999999996334,-1000.0000000023306,3082.674654420743,1922.6560958976436,10198.039027173107,0.0,23751.703982336487,1404172.781917805,4115276.4968556813,-5198039.027172864,14215226.720772902,2389123335.3787303,6049875621.145072,-9313315524.017162,0.0010000000000012221,3,4413,4620
1,366.7545524710786,0.4220000000000006,0,0.4362590700564438,255,-32.96910354079532,-0.024882429721965527,0.7033586060473006,4.71238898038469,-2.356194490192345,14.816585986291258,769.667151044908,4712.388980378931,-2356.194490193651,727.0,160.0,109,541.0407239818793,658.9899481075014,3000.0000000069917,-999.9999999987779,53.921568627450256,1052.8205540419701,3000.0000000069917,-3999.9999999951115,1185.6027790917947,651.1045967549707,3999.9999999951115,0.0,45192.032089650296,858489.6901767779,3162277.660183119,-3605551.275467986,33954934.64901894,1435862577.9974296,5841619252.955171,-5999999999.976226,0.010999999999999233,3,4621,4875
4,2779.7712393373126,3.9909999999999997,4,0.11482528772158884,2332,1959.360921450237,0.09282721679743522,1.5265880616921037,5.81953769817878,-4.71238898038469,6.411064092481221,1625.9724227221623,5961.434752775658,-5961.4347527968375,880.1645786195681,319.18803235710453,1113,-79.52187095435936,864.5880084054088,3000.0000000069917,-3999.9999999951115,-11.938965122902985,757.9954276278028,2999.999999996334,-2999.999999996334,1011.8315475784916,551.234798336561,3999.9999999951115,0.0,67141.81332242546,685004.1869611047,3605551.2754551764,-3000000.0000033258,63033046.45372114,1109352653.114021,4605551275.450657,-5796888988.53363,0.4710000000000001,3,4876,7207
3,298.3323319833724,0.3180000000000014,0,0.9608925327285238,174,24.97042978898327,0.007873100048055926,0.36822839072642416,1.5707963267948966,-1.5707963267948966,-2.700998179279365,446.7831787052057,1570.7963267929767,-1570.7963267929767,832.8039410771912,286.6653100743095,101,1406.7979898939448,993.6587458978852,5000.000000011653,21.739130434782904,204.98084291187135,408.50228120770447,2000.0000000046612,0.0,1483.1510046961387,986.6749474401788,5099.019513604669,21.739130434782904,49890.44480952508,990955.0298479302,2999999.999992667,-3000000.0000068783,47704890.3905733,1715097884.1360931,5162277660.163663,-4999999999.999432,0.0010000000000012221,3,7208,7383
1,211.9796198425096,0.38400000000000034,1,0.8618844736182044,172,135.12644054954916,0.03551365750672585,0.8278858134783635,1.5707963267948966,-1.5707963267948966,-17.14797938484491,782.0425321177269,1570.7963267985574,-1570.7963267985574,1045.396654217666,182.70194306574848,43,548.3343808925355,486.869520205305,2000.0000000046612,0.0,561.3372093023071,479.17745936738834,2000.0000000046612,0.0,915.1479956141924,492.27419699017133,2236.0679775050007,0.0,60106.07263274509,518212.880399549,1999999.9999951115,-1414213.5623746626,47237056.44470444,823562650.9423485,3414213562.3656015,-2999999999.999659,0.07699999999999818,3,7384,7555
1,446.78296056827526,1.1529999999999987,4,0.47506255050090757,178,291.36568880771375,0.036597526593678424,0.5877857108005072,3.141592653589793,-1.5707963267948966,-0.9647456031463535,800.080183990068,3141.592653597115,-3141.5926535859535,1173.5226043824935,212.24985276791125,58,-802.5123344810929,1814.0602912281547,2000.0000000046612,-5000.000000011653,-252.08055510080248,958.3968860965872,1000.0000000023306,-3999.9999999951115,1867.7802112791876,1181.898038629194,5099.019513604669,96.62672700018382,53456.18884496752,1127773.058362112,4999999.999987778,-3057922.3926248504,37611253.79845939,1913629091.319399,5162277660.186708,-5293990370.123569,0,3,7559,7736
4,704.8461367375052,1.1239999999999988,3,0.8929649448736223,556,1341.923710691845,0.2286663939824885,1.7235765119513813,5.961434752782944,-4.71238898038469,5.899743018450865,1838.2135224489473,5819.537698171668,-5819.537698192343,640.489589985893,629.402891636192,319,-970.3883890276329,754.1643396073578,0,-4000.0000000093223,49.97002398079469,359.4582238723115,1000.0000000023306,-1000.0000000023306,1078.8517065455817,690.9498713122377,4000.0000000093223,0.0,64284.18564963792,859123.6580462557,3999999.999990223,-3000000.0000068783,55402118.06022832,1428461412.314062,5999999999.985106,-5999999999.978002,0.3829999999999991,3,7737,8292
1,114.79241716360383,0.3290000000000006,2,0.9101617134167136,105,158.97217956068096,0.08915411811795439,0.6709303518052965,3.141592653589793,-1.5707963267948966,-9.029584133766985,547.3367825234463,1570.7963267985574,-3141.5926535859535,85.47117913332221,104.47966309287182,57,-44.920634920641376,216.3890190389354,1000.0000000023306,-1000.0000000023306,429.1269841270597,346.6420786620989,2000.0000000046612,0.0,481.2491927764616,347.38778621781813,2000.0000000046612,0.0,89524.78592206366,369633.47256432445,1916666.6666757981,-1000000.0000011084,75430777.34374228,460042570.77485454,1999999999.9962196,-1666666666.669635,0.004000000000001336,3,8293,8397
4,2.0,0.10300000000000153,2,1.0,4,3.141592653589793,0.7853981633974483,0.7853981633974483,1.5707963267948966,0.0,61.27219714447935,129.15978845829792,261.7993877991395,-16.710599221222093,98.0,2.0,1,0.0,0.0,0,0.0,124.99999999999525,142.31876063832237,333.3333333333207,0.0,124.99999999999525,142.31876063832237,333.3333333333207,0.0,27777.77777777567,19641.855032958163,55555.55555555134,27777.77777777567,4629629.6296291035,3273642.5054929038,9259259.259258207,4629629.6296291035,0.009000000000000341,3,8398,8401
3,418.3424939201332,1.1479999999999997,1,0.8906425185422668,325,364.7564270969615,0.06407535807754103,0.6939582842805239,1.5707963267948966,-1.5707963267948966,-2.1842868672238778,703.1866090574578,1570.7963267985574,-1570.7963267985574,415.19767073901124,372.5936123982804,119,270.2051282050875,404.3694729476325,1999.9999999975557,0.0,771.3240093240421,540.3012770254965,3000.0000000069917,0.0,923.3345490456118,519.3317952664222,3000.0000000069917,0.0,85327.91081795815,610605.6575380745,2236067.9774943246,-2000000.0000022168,85299692.40506214,922607213.9364865,3414213562.3656015,-3292893218.8189273,0.003999999999997783,3,8402,8728
1,38.242640687119284,0.11899999999999977,3,0.863307225788892,38,79.32521450314235,0.19218912051733686,2.075698432074939,4.71238898038469,-4.71238898038469,-179.9132634947416,1415.082225481336,3141.5926535859535,-4712.388980378931,348.90044977501964,33.015148038438355,15,-325.50125313285474,313.4778743905951,0,-1000.0000000023306,10.964912280783144,280.87326026884534,1000.0000000023306,-999.9999999987779,405.9803864877117,339.46100993190464,1414.2135623763909,166.66666666666035,62663.998614453085,301262.1747445051,1080880.2290455892,-353553.3905949217,49728929.251866385,343407352.1934678,1249999999.995861,-717216809.819379,0,3,8729,8766
4,530.1290568026125,1.1280000000000001,5,0.9504217892392718,297,-423.34225299069493,-0.03327037422832906,1.4012470853929155,5.497787143782138,-4.71238898038469,-24.009872696253453,1352.6069211044767,5497.787143794951,-5497.787143794951,418.8778186597498,503.8462066940665,113,-295.73512906844906,460.60422154052924,0,-1999.9999999975557,-1517.7930795355576,1286.1340089869325,0,-7000.0000000163145,1625.2136071244154,1270.607126375847,7071.067811856834,0.0,45209.92622025911,1132897.922753488,6333333.333364434,-5585786.437638122,34552630.14376057,1998198634.4778013,7194173437.460565,-11919119770.98799,0.054000000000002046,3,8767,9063
1,700.4722958829046,0.27500000000000213,7,0.9964797338370597,237,-1.6359214901292827,0.0016285665370370198,0.10122821070319185,0.7853981633974483,-0.5553603672697958,1.659683923346073e-11,156.0629276376233,785.3981633992787,-785.3981633964884,739.7954592651281,698.0064469616309,215,2850.7032348802177,1636.6204621335005,12000.000000027967,199.99999999996874,-12.6582278480708,194.86919869625584,1000.0000000023306,-1000.0000000023306,2861.1348630781267,1629.899816465696,12000.000000027967,199.99999999996874,37372.88135570219,1820183.5601536098,7000000.000050392,-9000000.000020633,38298650.34526549,3198507388.139591,11000000000.0023,-16000000000.05147,0.0010000000000012221,3,9067,9303
4,3.0,0.09499999999999886,0,1.0,5,0.0,0.0,0.0,0.0,0.0,0.0,0.0,0,0.0,747.0,3.0,3,66.8253968254241,99.50997979915796,250.00000000013856,0.0,0.0,0.0,0,0.0,66.8253968254241,99.50997979915796,250.00000000013856,0.0,12731.63895189253,22770.453924151065,48611.11111117322,816.3265306122382,2959813.680033676,5624966.3775742855,11777998.236353666,23323.615160349567,0.05699999999999861,3,9304,9308
1,559.3831450344488,0.28500000000000014,1,0.978883623547221,170,249.99885134427475,-0.010937899344393718,0.3366064147033045,1.5707963267948966,-1.5707963267948966,-5.384262036077714,449.02731645713845,1570.7963267985574,-1570.7963267985574,813.7081767121773,547.5709999625619,83,314.6493212668553,626.4409427182621,2999.999999996334,-999.9999999987779,3158.348416289317,1839.2704343487765,11999.999999985335,19.23076923076938,3238.638692414856,1831.8912829349988,12165.525060581573,21.500653629805836,8960.128041035163,2095642.8973884264,11180339.88747162,-8165525.060576482,-3058136.454013683,3810251548.8407326,18251407699.322628,-17261660261.34182,0.10699999999999932,3,9309,9478
4,2.0,0.0990000000000002,0,1.0,4,6.283185307179586,1.5707963267948966,1.5707963267948966,3.141592653589793,0.0,-777.3012751140405,1511.0335307545188,32.38755312979124,-3141.5926535859535,254.0,2.0,1,-252.57731958821148,476.49056282118255,0,-1000.0000000023306,0.0,0.0,0,0.0,252.57731958821148,476.49056282118255,1000.0000000023306,0.0,329932.33429141005,521567.99891291215,989690.7216541218,106.28122010840397,329861845.37300044,521556332.8267329,989584440.4363197,1095.682681529923,0.09799999999999898,3,9479,9482
1,81.37820360123072,0.22600000000000264,6,0.6104702143209458,74,-35.021166798488544,0.08293019237508799,1.7884832255691285,5.497787143782138,-4.71238898038469,-18.86050232275653,1395.60898076966,5497.787143775419,-5497.787143775419,29.670502790119286,49.678969393496885,31,187.70377520384125,511.2425854569748,1000.0000000023306,-1999.9999999975557,-242.2779922779251,324.2001002046334,0,-1000.0000000023306,556.4690922291309,380.57568598361075,1999.9999999975557,47.619047619045816,70419.73864772807,407645.0592202383,1999999.9999951115,-999999.9999975557,38957287.38048313,570189308.214272,1999999999.9926672,-2999999999.989001,0.0010000000000012221,3,9951,10024
4,1092.170444802776,1.251999999999999,1,0.7602860645198596,887,820.5892549695803,0.06141222278484906,0.7643657704378813,3.141592653589793,-1.5707963267948966,-3.9764040536262693,810.4327535740803,3141.592653597115,-3141.5926535859535,217.98324911295506,830.3619692640071,335,491.33157960664005,679.3169229505587,3000.0000000069917,-1000.0000000023306,668.0722425121295,608.3535189929943,3999.9999999951115,0.0,1085.6983611749072,582.6177251927861,4472.135954994114,0.0,59324.97333598294,726525.3792511672,4472135.954988649,-2162277.6601672233,50126253.4178191,1186327975.4017727,5472135954.983069,-4999999999.981668,0.1039999999999992,3,10025,10911
3,20.82842712474619,0.18599999999999994,5,0.8852847506991226,22,-21.991148575128555,-0.06848896234571422,2.1840779633031673,4.71238898038469,-4.71238898038469,58.91237988868784,504.8547096471557,1570.7963267948371,-942.4777960777951,92.08697934401955,18.439088914585774,10,-31.987939596639286,86.70815296730771,0,-333.3333333333207,-175.1619153793436,146.3515403376061,0,-500.0000000011653,203.94396994184456,134.56271439834802,500.0000000011653,0.0,19904.02390864113,58631.94010856544,195607.17067901828,-59999.999999867556,6569826.071086472,29273419.820970345,95291762.34840655,-35232511.26317885,0.0030000000000001137,3,10912,10935
1,708.0423945568043,0.7000000000000028,6,0.8705648030829998,509,-532.6041974609461,-0.06205396696620443,0.6550584789500229,1.5707963267948966,-1.5707963267949858,9.049889186490521,729.7759495151931,1570.7963267985574,-1570.7963267985574,359.8347758991437,616.39678779176,180,448.4282907662627,578.8766560496227,3000.0000000069917,0.0,-885.9762372532276,624.0197910340796,0,-3000.0000000069917,1150.5832817626144,620.7808773452451,3162.277660175749,142.85714285704077,76965.22280863248,785349.4642937842,2808724.2695888253,-2236067.9774943236,84209512.61174494,1245629120.0293856,4472135955.014958,-4971001929.735289,0.0030000000000001137,3,10936,11444
4,1000.8533065689992,1.0899999999999963,2,0.6769391528339368,743,1491.8591490784563,0.16333979288029382,1.2776090418070365,5.81953769817878,-4.71238898038469,33.857079590944444,1365.6634456257016,5819.537698150993,-5819.537698192343,272.52903968210603,677.5167894598627,321,-507.46971736208695,801.525635904673,2000.0000000046612,-3000.0000000069917,623.2511189708674,744.6580944048561,4000.0000000093223,-1000.0000000023306,1175.1903041608605,678.1392396985589,4472.135955010001,0.0,57361.94368106314,797600.382929728,3472135.955015763,-3472135.9549981975,61802777.85722133,1309339921.2766302,5236067977.520511,-6944271909.980803,0.13000000000000256,3,11445,12187
3,33.65685424949238,0.19600000000000506,4,0.7849720425860738,33,29.845130209103033,0.25358651850098957,3.650424482785437,5.497787143782138,-4.71238898038469,-199.89346848923327,1603.9322924530925,2748.8935718877096,-4712.388980395673,286.1502200314876,26.419689627245813,9,-238.69126043041976,231.67653444172652,0,-1000.0000000023306,-164.43001442990817,266.5219737516655,0,-1000.0000000023306,376.49461860457103,251.7179732703057,1000.0000000023306,0.0,63472.68030719468,248705.74120308098,999999.9999904503,-250000.0000007212,55939098.2274782,255127139.17066345,999999999.9856755,-296296296.29784155,0.0010000000000047748,3,12188,12694
1,300.0363000429297,0.47000000000000597,5,0.8159214256473416,243,-151.82768319972723,0.08005031294620668,1.5295861622656173,5.497787143782138,-4.71238898038469,36.03881710458221,1511.6179971799386,5497.787143794951,-4712.388980395673,235.9949887685001,244.80604567698077,115,-250.15840355352117,371.81611208441205,0,-1000.0000000023306,-671.1248285319316,565.5698979832649,500.0000000011653,-3000.0000000069917,840.1506992134016,513.4755753166717,3000.0000000069917,111.1111111111069,53754.75672497719,602283.8183030937,3000000.0000139833,-2000000.0000022168,46184138.172326885,978955158.3725497,4000000000.0208616,-4999999999.992326,0.0010000000000047748,3,12695,12937
4,765.1075343644848,0.4819999999999993,0,0.8937292032128684,333,222.08391595015692,0.04241487973070257,0.5552368077406726,1.5707963267948966,-1.5707963267948966,7.75504446820614,587.8314065436066,1570.7963267985574,-1570.7963267985574,676.2704183567631,683.7989470597333,97,1804.9478049477218,1644.8968438228192,8000.000000018645,-1000.0000000023306,836.3935363936198,693.6018505394287,3000.0000000069917,0.0,2175.1526714783154,1551.8404226257055,8062.25774831734,0.0,46845.927878193885,1193122.1642064047,4062257.748345907,-4000000.0000186446,38953815.04847696,2050342207.6161625,6472135954.949502,-7652379541.679447,0.02400000000000091,3,12938,13270
1,179.3398950422014,0.23199999999999932,2,0.926976102208803,144,215.98449493429789,0.1231380513125215,0.6812734145331152,3.141592653589793,-1.5707963267948966,-5.147654044011843,787.4499094743776,3141.592653597115,-3141.592653597115,452.311613501855,166.24379687675568,85,-62.50000000004695,346.3679273033723,1000.0000000023306,-1000.0000000023306,837.6157407408077,580.4268795056132,3000.0000000069917,166.66666666666035,919.620900064898,560.9893907322801,3162.277660175749,166.66666666666035,92992.56606851623,680001.102483183,2162277.6601855634,-2162277.6601559883,86799547.05912608,984145365.6210938,2576491222.503348,-4324555320.306691,0.001999999999995339,3,13271,13414
4,4.0,0.08400000000000318,1,0.7905694150420949,6,4.71238898038469,0.0,0.9068996821171089,1.5707963267948966,-1.5707963267948966,-130.89969389848466,769.9750991137746,785.3981633964884,-1570.7963267873963,383.58428017842436,3.1622776601683795,2,166.66666666587085,401.38648595782666,999.9999999952252,0.0,152.777777777698,188.09063352458156,499.99999999938893,0.0,319.44444444356884,353.82608896650396,999.9999999952252,0.0,193055.55555376457,318157.8862517678,749999.9999915054,-55555.55555545265,164467592.5901197,311436047.8147143,729166666.6546427,-50925925.925805,0.0020000000000024443,3,13415,13420
1,593.0023046650439,0.43299999999999983,5,0.9241680070600312,287,-371.3164916372692,0.1751187593777517,2.100789021206771,5.81953769817878,-4.71238898038469,44.62314284582058,2387.751593128812,5819.537698150993,-5819.537698192343,541.8753783308371,548.033758084299,37,-1109.9199719985886,828.0353669978977,0,-5000.000000011653,-1381.533101045517,1049.6505552271435,0,-6000.0000000139835,1911.9026221660079,1126.4959675896127,7810.249675924857,13.698630136986226,24039.46249559233,1224661.391134839,6396036.113573421,-5574181.698432847,14359600.131845526,2110140170.3607628,7217890528.7249775,-11970217812.034166,0.07799999999999585,3,13421,13707
4,1628.4794289368895,1.2830000000000013,1,0.34045226878484114,917,726.1366560211615,-0.003228145989155834,0.7039285002881809,5.497787143782138,-4.71238898038469,0.5906254040308652,811.9660717181416,4712.388980395673,-4712.388980395673,534.7106140935057,554.4195162510065,290,313.6995062786239,1556.2480067151262,11000.000000025637,-4000.0000000093223,470.73791348598536,1050.7176712856356,5999.999999971351,-2000.0000000046612,1665.8875653486707,1032.170049741714,11180.339887525006,0.0,45152.379400415964,1092975.4423448008,8667870.982263591,-4821166.284340418,43829827.30574012,1857121023.2273397,9192196813.125103,-10603160534.118223,0.23799999999999955,3,13708,14624
3,43.30713578936526,0.1729999999999947,6,0.8160593733567382,42,-39.591658724269074,-0.025912961292937,0.9462085113759385,1.5707963267948966,-1.5707963267948966,86.1831628575872,640.5304651361768,1570.7963267985574,-1570.7963267985574,163.5485203075706,35.34119409414458,14,172.81746031740323,311.66365171095504,1000.0000000023306,0.0,-267.51700680294914,290.039731145606,0,-1000.0000000023306,419.46446506521994,321.09652738895556,1000.0000000023306,0.0,68753.14178663438,235789.7444440758,749999.9999915054,-250000.0000002771,18568574.68594952,299586822.0748567,888888888.8932614,-749999999.9861479,0.001999999999995339,3,14625,14668
1,386.32554373112674,0.39699999999999847,5,0.9103430735598117,269,-373.51698749574604,-0.028323254207877523,0.8843851581188172,4.71238898038469,-3.887522570888578,-7.492258234777224,1041.9361246642623,4712.388980395673,-5497.787143794951,710.5998603570047,351.6887828748594,116,-110.47087980183281,486.2931457192308,1000.0000000023306,-2000.0000000046612,-1042.388033280308,681.8194797932985,0,-4000.0000000093223,1151.828720286405,686.8224385417342,4123.10562562727,0.0,49078.057623600114,824044.1878777129,3162277.66013818,-4123105.6256075823,36627123.625576414,1378366454.834739,6123105625.631175,-6010143273.705552,0.0020000000000024443,3,14669,14937
4,478.98830323393753,0.2700000000000031,4,0.9710206101319883,165,66.65564555900004,0.28376883096370165,2.263817309647983,5.961434752782944,-4.71238898038469,58.686662115436256,4142.242846261843,6118.036629779218,-6118.036629735747,775.8077192644521,465.1075144523038,43,-2605.1082251082435,1824.6291730511487,0,-9000.000000020975,-451.87590187564535,557.1557040868182,0,-2999.9999999856755,2719.5797053830047,1797.0581328136075,9219.544457314374,0.0,50345.55530423354,1601780.1414052956,5219544.457317216,-6219544.4572990015,51790784.91902288,2841650447.743426,8318563970.942274,-11439088914.561598,0.008000000000002672,3,14938,15102
1,309.7412828795759,0.19000000000000483,4,0.9741409542390328,151,340.02474348352837,0.1336261271270536,1.6697392800669038,5.81953769817878,-4.71238898038469,6.224816997628788,2434.5347252456636,5961.4347527968375,-6118.036629735747,312.75139382263006,301.7316688715323,108,-1766.666666666155,1009.5506884692152,0,-5999.999999971351,-128.03532008814636,366.2364313406004,1000.0000000023306,-1999.9999999904503,1819.665113009304,988.5995418283695,6082.762530269175,99.99999999994884,42544.12517545693,1368677.2987719907,4082762.530245019,-6082762.530283351,39505722.4083283,2379683361.2121944,8318830507.812951,-10165525060.552063,0.0030000000000001137,3,15106,15256
4,671.1232830534897,0.42600000000000193,1,0.9777212146575458,219,280.4132956175741,0.02930757196939016,0.25536264541863707,1.5707963267948966,-0.5553603672697913,6.979408562342921,404.6362297759091,1570.7963267985574,-1570.7963267985574,541.3493506389376,656.1714714920179,57,807.4581430743423,863.16998307568,3999.9999999809006,0.0,2783.5787282946862,1832.8344311339454,10000.000000023307,0.0,2961.375873151889,1931.7109434266376,10770.32961421758,0.0,26569.78729837138,1901671.8623263629,7164778.338710978,-7608051.954059563,14075828.819138454,3357020832.601964,9830939101.058962,-14255275942.651358,0.05100000000000193,3,15257,15475
1,601.2380561669695,0.3370000000000033,7,0.9833318705121121,246,-1.4163935433621875,0.004354666321189344,0.2755875452420976,1.5707963267948966,-1.5707963267948966,7.859836687867441,312.2965995693519,1570.7963267985574,-1570.7963267985574,423.01421233481926,591.2165423937324,175,2225.851722803205,1698.5480855686965,9000.000000020975,142.85714285704077,-69.78319783192029,344.98326797814,1000.0000000023306,-1000.0000000023306,2265.505409839253,1682.092673740392,9000.000000020975,142.85714285704077,71699.64863782671,1352840.7732057523,5837722.3398813,-6000000.000027966,66981688.77733032,2337807104.562045,7171572875.254214,-11837722339.936855,0.007000000000005002,3,15479,15724
4,556.3443008208831,0.47400000000000375,5,0.9645381783595234,260,-416.8217065747733,-0.05318827762520355,0.37927426026208366,1.5707963267948966,-1.5707963267948966,-1.2415906992039312,469.6244374417178,1570.7963267985574,-1570.7963267985574,704.8326557082547,536.6153184544772,114,-328.72385290150896,591.0425037846745,1000.0000000023306,-3000.0000000069917,-1919.203296703472,1408.5382636591085,0,-9000.000000020975,2010.8685756109103,1441.933456126276,9486.832980527248,0.0,30814.758020951613,1361798.9980831773,5837722.3398813,-8486832.980491498,23782018.69669529,2342686445.5792327,9722900958.026814,-13850560335.337843,0.035000000000003695,3,15725,15984
3,297.2155576661269,0.3299999999999983,4,0.4824480749502352,157,219.84636058795093,0.06792400420011947,1.0788746988131572,5.81953769817878,-3.887522570888578,-27.8653222760366,1465.2704171451535,5819.537698192343,-5819.537698192343,818.3284846136788,143.39107364128355,89,-977.2386661668421,1744.459052779687,2000.0000000046612,-7000.0000000163145,-139.38428874742982,339.03868678024446,999.9999999952252,-1000.0000000023306,1646.3385568086528,1183.140254441979,7000.0000000163145,0.0,61640.009584856874,1052479.218941101,4000000.000018645,-3585786.437628189,55075227.673990935,1732178653.19546,6000000000.020635,-7585786437.610613,0.0030000000000001137,3,15991,16310
1,433.52576303277357,0.23400000000000176,1,0.9779945852685129,198,273.33767698784686,0.044314606178343395,0.34434680985643107,1.5707963267948966,-1.5707963267948966,0.8237454943274157,523.5981075893123,1570.7963267985574,-1570.7963267985574,303.4063527305972,423.985848820453,78,287.878787878759,453.4584243468599,1000.0000000023306,-500.0000000011653,2006.6137566135744,1140.904683421301,5000.000000011653,142.85714285718578,2072.5302182294126,1148.6475033490808,5099.019513604669,142.85714285718578,35532.27290827079,1309329.031859735,3999999.9999618013,-4123105.625607583,42979813.81192816,2303321188.324975,7162277660.110722,-7198039027.250107,0.0010000000000047748,3,16311,16508
4,1.0,0.1739999999999995,0,1.0,4,0.0,0.0,0,0,0,0.0,0.0,0,0.0,271.0,1.0,1,62.50000000003464,119.67838846960858,250.00000000013856,0.0,0.0,0.0,0,0.0,62.50000000003464,119.67838846960858,250.00000000013856,0.0,20833.333333356426,32940.392293457124,62500.000000069274,62500.000000069274,5208333.333341992,8235098.073368847,15625000.000025978,15625000.000025978,0,3,16509,16512
3,200.21700649521708,0.17999999999999972,1,0.9073243917406721,134,137.12408910911017,0.03147442800840083,0.6746100019719541,1.5707963267948966,-1.5707963267948966,-20.58682147700576,782.1548837876437,1570.7963267985574,-1570.7963267985574,477.5908451417079,181.66177363441105,36,514.3034825873102,537.6860228902502,2000.0000000046612,0.0,1075.4560530680471,771.0889991424184,4000.0000000093223,0.0,1319.205680145627,748.1275455844377,4123.10562562727,0.0,60567.57552607479,999045.1061865956,3605551.275480795,-3123105.6256322176,69093920.22210464,1687260282.7487981,4605551275.49619,-6211102550.971405,0.0020000000000024443,3,16513,16648
3,535.9690999711967,0.30000000000000426,0,0.9824705034464619,209,19.996790743105812,-0.006194448645187615,0.2011105475938207,0.5553603672697913,-0.7853981633974483,7.08667901961183,294.6428063284537,1107.1487177966708,-785.3981633992787,392.8945717229049,526.5738314804487,114,2181.9745645109283,1600.3006007729916,13000.000000030297,0.0,226.47527910685093,445.8138095607011,2000.0000000046612,-1000.0000000023306,2236.605008060771,1602.4313374519875,13000.000000030297,0.0,38268.296442532315,1645541.2537295406,8968871.125906851,-8876894.374423716,36345937.01224179,2919374700.242223,8798578542.484854,-17845765500.372158,0.006000000000000227,3,16649,16859
3,619.154714479461,0.4209999999999994,5,0.954549036618226,240,-350.03899352634113,-0.02172964453712305,0.27603348754427093,1.5707963267948966,-1.5707963267948966,2.53030186338232,378.45558382428067,1570.7963267985574,-1570.7963267985574,702.7013334642023,591.0135362240022,108,-43.72072753832911,677.4037432502148,2000.0000000046612,-2000.0000000046612,-2361.5972222222244,1368.9206022818598,333.3333333333207,-8000.000000018645,2447.259703708565,1385.4100988875578,8246.21125125454,14.705882352940106,24459.289565536976,1326926.0742802788,4123105.625636879,-5246211.251243814,23340201.59735762,2336035390.7257285,8165525060.652942,-9369316876.835955,0.008999999999993236,3,16860,17101
1,267.79623436550315,0.1839999999999975,4,0.9454563572826197,158,201.9512686025599,0.0792964516465812,2.289343052702974,5.961434752782944,-4.71238898038469,17.79905575988528,3256.1330102327697,5961.4347527968375,-5961.4347527968375,824.8954811325601,253.1896522372113,79,-1424.2616033754887,836.5315632837957,0,-6000.0000000139835,-285.0210970465425,447.814395235392,0,-2000.0000000046612,1537.4312840603304,801.9670270648784,6000.0000000139835,282.84271247487624,41751.932441252626,1116502.358317261,5000000.000026858,-3763932.0225177547,36409188.585655555,1921643018.929874,5618033988.792308,-8763932022.565039,0.005999999999993122,3,17102,17259
4,50.0,0.13300000000000267,0,1.0,55,144.51326206513053,0.5463639397547466,1.140077966310899,3.141592653589793,3.141592653589793,82.82380632178581,1142.9103886507967,3141.592653597115,-3141.592653597115,501.0,50.0,38,-534.2424242426583,416.7366760895552,0,-1999.9999999904503,0.0,0.0,0,0.0,534.2424242426583,416.7366760895552,1999.9999999904503,0.0,107772.63374524581,456248.241959868,1000000.0000046612,-999999.9999975557,79499056.92795517,645069500.6762388,2000000000.0068781,-1999999999.9926672,0.0010000000000047748,3,17260,17314
3,396.3071357893653,0.46000000000000085,3,0.9942296478223946,218,643.7047434315094,0.09611304275441228,0.5090484333891185,3.141592653589793,-2.6025763781500855,-5.753472784398747,933.4043349588657,5819.537698192343,-5819.537698192343,444.40857032545324,394.0203040453626,186,-1498.760509689388,1092.9736779893437,0,-6000.0000000139835,6.88073394494572,101.59174543257656,500.0000000011653,-1000.0000000023306,1504.5935458519257,1089.623783300878,6000.0000000139835,14.084507042253927,33743.38242737367,1266159.8523092708,5000000.000023305,-4999999.999994884,20375183.033428334,2214239191.169555,7000000000.027626,-9999999999.970442,0.006999999999997897,3,17315,17534
3,530.8752524230708,0.5650000000000048,2,0.9421120630264183,295,449.976790120598,0.06610933388278048,0.4795506097267293,3.141592653589793,-1.5707963267948966,6.927926307335564,619.7582998118271,3141.5926535747926,-3141.5926535747926,451.7579124511244,500.1439792699698,187,-25.084745762671318,444.2305435094621,1000.0000000023306,-1999.9999999904503,1563.3615819208935,1010.4854150272739,6000.0000000139835,0.0,1652.3341628560947,964.8834162075582,6000.0000000139835,0.0,49241.068612308816,1157731.717194211,4000000.0000186446,-4000000.0000044336,47801742.73757639,1982074797.2999752,4999999999.999432,-7999999999.9848795,0.0020000000000024443,3,17535,17831
3,662.2541323470203,0.4620000000000033,0,0.9456495605949247,362,37.73874445699188,-0.0015147497901498049,0.38689643983189126,1.5707963267948966,-1.5707963267948966,3.225986783356078,479.4624830223921,1570.7963267985574,-1570.7963267985574,518.0034321914111,626.2603292561329,164,1557.9541761459543,871.0219029874979,6000.0000000139835,29.411764705883286,215.69981583803172,526.3335426028341,3000.0000000069917,-1000.0000000023306,1663.226351469495,861.1103139357261,6708.203932515003,29.411764705883286,36637.343987901906,1124671.9231793534,5337406.537824933,-4708203.932521314,28200491.533070255,1926529357.5206308,5422287873.669342,-9420169068.164137,0.0010000000000047748,3,17832,18195
1,350.9506064985659,0.46000000000000085,6,0.8815025753123652,286,-318.84362662032436,-0.07872518822948106,0.8036754370249735,1.5707963267948994,-1.5707963267948966,25.568704297693184,784.0139927006661,1570.7963267985574,-1570.7963267985574,283.7047579675677,309.3638634359223,92,271.5617715618274,399.6902355724078,1000.0000000023306,0.0,-700.8824508824532,464.7922101975773,0,-2000.0000000046612,867.8810124290823,431.541060118098,2236.0679775050007,249.99999999969447,74891.31498303114,513064.32400389673,1736067.9775096579,-1414213.5623696381,71808467.06387867,746027447.7882586,2414213562.3799257,-2972135955.0221353,0.011000000000002785,3,18196,18481
3,307.10559745974837,0.5739999999999981,5,0.9190819249366902,259,-358.6052101182365,-0.052473439220281345,0.9985936125437977,4.71238898038469,-4.71238898038469,23.463027414081314,1000.7242723490266,4712.388980395673,-4712.388980395673,777.0839904683438,282.25520367213784,153,-40.73359073359699,280.76423983161857,1000.0000000023306,-1000.0000000023306,-693.3015475485876,441.9249283870752,0,-2000.0000000046612,758.7928037412395,424.2188112902905,2000.0000000046612,13.513513513513866,71132.23102238006,457696.984489605,1500000.0000087682,-1999999.9999951115,57899372.742108606,659630532.9289709,2250000000.0157313,-2585786437.6124,0.001999999999995339,3,18485,18745
3,794.3003515114121,2.8500000000000014,4,0.6701550907860172,462,1040.7787580413906,0.12040081947766529,1.3108069302750096,5.961434752782944,-4.71238898038469,17.00955698454498,1700.3760473807843,5961.4347527968375,-5961.4347527968375,767.7336152723067,532.3044241784958,307,-923.3353698053728,1394.076318675704,20000.000000046613,-4000.0000000093223,-22.988612069442517,1756.872363159962,4000.0000000093223,-32000.00000007458,1427.8560269963068,1959.3899847405773,37735.92452831436,1.177856301531208,75088.30660473983,2375194.003355011,37730396.548235424,-26555584.640851244,65229024.50987261,3968314262.5710306,37734097997.04999,-64285981189.23649,0.0030000000000001137,3,18746,19209
1,125.95741732923814,0.29399999999999693,4,0.913559095045681,115,268.60617188192697,0.2954898178184178,2.0304984091509715,5.497787143782138,-4.71238898038469,-52.95507238874912,1517.6971711630952,4712.388980362189,-4712.388980395673,235.8226078943217,115.06954418958998,68,-491.5320910974175,342.1805575403804,0,-1000.0000000023306,-25.79710144939415,248.61257893148306,1000.0000000023306,-1000.0000000023306,557.754892148716,329.95018657413857,1000.0000000023306,0.0,89790.94869931736,341108.01882818714,1000000.0000046612,-999999.9999975557,78619219.17224126,411378754.75033355,1333333333.3394976,-999999999.9927809,0.0009999999999976694,3,19210,19324
4,1376.5013713858414,1.9379999999999953,0,0.14996127309001026,1086,993.0542413617344,0.05575870506645815,1.2895677651831308,5.81953769817878,-4.71238898038469,-9.750063347682609,1175.7940440870657,5819.537698192343,-5819.537698192343,680.8483078524629,206.42189806316577,596,160.66605279309852,1157.942285737215,5999.999999971351,-4999.999999976126,81.46056765255877,489.47701206083434,2000.0000000046612,-1999.9999999904503,1056.9916178949704,702.5927759441603,5999.999999971351,0.0,57686.28931696035,830435.6405324263,5499999.999943924,-3999999.9999831175,51741072.315286696,1400471884.5581017,6249999999.910472,-6999999999.956572,0,3,19325,20410
3,36.0,0.14800000000000324,0,0.972618966667311,35,1.5707963267948966,0.0,0.40557786759736114,1.5707963267948966,-1.5707963267948966,3.188883316137695e-10,380.9740689235106,1570.7963267985574,-1570.7963267873963,266.29133183312905,35.014282800023196,29,553.1746031746962,344.9160039531317,1000.0000000023306,0.0,28.571428571495158,168.95981465342606,1000.0000000023306,0.0,581.7460317461913,337.70561291682895,1000.0000000023306,0.0,81994.37182309233,335091.7721319819,999999.9999904503,-499999.9999987779,102310149.88343623,469588984.9235674,1499999999.9820662,-750000000.006132,0.0030000000000001137,3,20411,20447
1,170.422028464199,0.7360000000000042,1,0.41842704600249714,147,133.55564422275452,0.05373504484050544,1.9356342467100567,5.497787143782138,-4.71238898038469,-36.60540577566589,1262.6126061105751,4712.388980362189,-4712.388980395673,316.2425668090033,71.30918594402827,35,154.16665254642336,453.6024426336028,1000.0000000023306,-999.9999999952252,313.41142829195167,567.2402161244571,2000.0000000046612,-1000.0000000023306,665.8992740793379,449.09437274576055,2236.0679775050007,5.649717514124307,60856.28701699833,448103.8014231683,2236067.977510212,-1236067.977505551,53031962.50858348,667088372.0132751,3236067977.51531,-2972135955.0221353,0.005000000000002558,3,20448,20594
4,124.48528137423855,0.5449999999999946,7,0.958666354196994,134,-9.42477796076938,0.004956905111403834,0.40405310601061706,1.5707963267948966,-1.5707963267948966,8.107966114615602,313.5624443879951,1570.7963267985574,-1570.7963267873963,310.62549296936385,119.33985084622823,102,546.6185354738203,399.9003148789503,1999.9999999904503,0.0,-42.53731343281353,174.4104546598389,0,-1000.0000000023306,572.981148763199,402.76107584119393,1999.9999999904503,0.0,103110.49307418363,420870.5531908695,1292893.2187960816,-999999.9999975557,100260524.91454792,612671853.534193,2000000000.0068781,-1999999999.9926674,0.08699999999999619,3,20595,20728
1,306.9321305619139,0.6410000000000053,6,0.8071155370543033,238,-167.5835316390136,-0.02091828142599757,0.8918412893697862,3.141592653589793,-1.5707963267948966,14.451969865306966,805.2112796079253,1570.7963267985574,-1570.7963267985574,207.6941189798679,247.72969139770066,49,452.4433629420348,503.13983314952407,2000.0000000046612,-333.3333333333207,-622.0088035215165,581.8920532447324,333.3333333333207,-2999.9999999856755,910.0655941208252,594.2489609220834,3162.2776601532796,50.00000000000995,74205.9296622855,619006.0386647845,2236067.977510212,-2236067.9774943236,64524097.91533297,1011345174.1843683,4236067977.467531,-3765029173.7992268,0.030999999999998806,3,20732,20969
4,1249.0645470629818,2.0019999999999953,1,0.11712302973199565,1163,1454.159735167319,0.11084921729704962,1.2876460706706967,5.497787143782138,-4.71238898038469,25.721509669397513,1163.0774380521807,5497.787143794951,-5497.787143794951,835.1730956296324,146.2942240828393,592,43.64320832515668,874.7614971218111,3000.0000000069917,-3000.0000000069917,95.57179707652938,382.90309788417255,2000.0000000046612,-2000.0000000046612,820.958722381724,497.74181069160943,3162.277660175749,0.0,82159.79806807662,583966.8230787927,2666666.666639622,-2000000.0000093223,79443958.15841322,892240924.9030379,3414213562.3827558,-4666666666.638504,0.11199999999999477,3,20970,22132
1,83.20663072597691,0.3019999999999996,0,0.848204035406782,78,27.9525833279115,-0.00791492371837026,0.8131825126382431,1.5707963267948966,-1.5707963267948966,15.026722023882444,375.36033939085655,1570.7963267985574,-1570.7963267985574,797.1950889445958,70.57619995437555,34,299.1343414420339,268.1048442444596,1000.0000000023306,76.92307692304598,112.65771265777494,217.08980680414138,1000.0000000023306,0.0,383.27676774939215,270.4042531533246,1414.2135623763909,76.92307692304598,62711.5697423208,256873.15855119887,914213.5623791326,-500000.0000005542,55957931.07571707,252725577.49087125,940000000.0065438,-550000000.0012876,0.0049999999999954525,3,22133,22210
4,2.0,0.09600000000000364,2,1.0,5,3.141592653589793,0.7853981633974483,0.7853981633974483,1.5707963267948966,0.0,-97.89020587272137,233.35958944625665,34.14774623467213,-523.598775598279,619.0,2.0,1,0.0,0.0,0,0.0,17.68115942028941,27.573963470230748,66.66666666666414,0.0,17.68115942028941,27.573963470230748,66.66666666666414,0.0,866.9397185464516,1346.1620214659788,2995.169082125302,472.58979206050435,44611.41095068259,78393.163944287,168171.95267098013,10273.691131750234,0,3,22211,22215
3,558.3535163297541,0.7549999999999955,2,0.8132252459547289,422,746.0243146181616,0.08094781219974162,0.7471872615044073,3.141592653589793,-1.5707963267948966,11.376733479243082,800.4137332622903,2356.1944901978363,-3141.5926535747926,436.0015667680182,454.067175646952,150,-190.16414075650016,549.881622969584,1999.9999999904503,-2000.0000000046612,753.3351127543375,592.0911413335589,3000.0000000069917,0.0,965.2348863257898,568.6662645960969,3162.2776601532796,0.0,87866.76732933294,678485.5864136947,2162277.6601406243,-3000000.0000139833,87528890.96194567,1066971417.4528606,4000000000.0137563,-4324555320.306691,0.012999999999998124,3,22216,23193
1,2054.274758562028,1.717,6,0.32437920577921725,1245,-43.98391979446155,0.04961336645775895,1.1250999100635803,5.961434752782944,-4.71238898038469,9.436591290495414,1813.2542886058213,6158.830312633503,-6064.516361304965,594.6014359992732,666.3640146346439,632,52.633505911196245,1374.6909367113349,3999.9999999999964,-8999.999999998992,-462.40963855421666,819.6384091792862,1000.0000000001102,-4000.0000000004407,1400.8350640423039,901.6816017524964,9219.544457291855,12.048192771084336,51302.99066868317,975937.6129482179,6219544.457290828,-7219544.45729243,42842950.760823816,1656850958.1032834,9342650082.908127,-13439088914.584738,0.084,5,2,1246
4,26.951532750363853,0.11199999999999988,3,0.9393891633863579,22,53.16209644789963,0.4149579449805723,1.185904834122222,3.141592653589793,-1.5707963267948966,51.8064243794766,1423.6727378838368,3141.592653590139,-3141.5926535894414,184.33541716621053,25.317977802344327,8,-880.6818181818326,981.7213819625729,0,-4000.0000000004407,122.7272727272829,304.2222229888378,1000.0000000001102,0.0,930.2263607979742,987.197575307742,4000.0000000004407,0.0,134259.77975156787,1260400.6886098408,4000000.000000881,-2061552.812808598,116219919.6377254,1632524862.829135,4000000000.001322,-3585786437.6263137,0.0009999999999998899,5,1247,1268
3,191.44602070479004,0.4590000000000001,3,0.21441423202441381,139,198.10019067594934,0.010805064485769119,0.6533858604488009,3.141592653589793,-2.356194490192345,-40.315203165533724,676.698800907629,1570.7963267950695,-3141.592653590139,236.2313016794664,41.048751503547585,63,-305.65640763867617,1142.4277469684425,2999.999999998998,-3000.0000000003306,27.16683795819861,426.91620377125713,1000.0000000001102,-1000.0000000001102,1065.5636370943027,656.5408293114551,3162.277660167323,0.0,91546.95364400072,706360.6376193777,2162277.660166491,-2000000.0000004407,81549990.68240198,1082053593.1030333,3162277660.165655,-3585786437.62809,0.16500000000000004,5,1269,2986
1,270.4334034883914,0.3490000000000002,1,0.9544611969278645,216,301.9146452990161,0.06167387622610301,0.5201852024441015,1.5707963267948966,-1.5707963267948966,-17.877504490939035,581.2911474692322,1570.796326795767,-1570.796326795767,970.0788619999211,258.11818998280614,152,96.4506172839517,284.011304470846,1000.0000000005542,0.0,844.2956349206203,423.5980438189304,2000.0000000011084,124.99999999999989,901.822675399873,410.00433426728546,2000.0000000011084,124.99999999999989,73859.16445292917,477682.841080929,1500000.0000021067,-1000000.0000011084,78224262.71867172,673141267.5066425,2249999999.997746,-2000000000.002437,0.004000000000000448,5,2991,3206
4,2.0,0.08699999999999974,2,1.0,4,3.141592653589793,0.7853981633974483,0.7853981633974483,1.5707963267948966,0.0,93.07478235066064,192.62584741111723,392.6990816986802,-20.39995229603763,658.0,2.0,1,0.0,0.0,0,0.0,104.16666666666427,109.58148498651614,249.99999999997203,0.0,104.16666666666427,109.58148498651614,249.99999999997203,0.0,16203.703703701105,39044.277299603295,62499.999999986016,-13888.888888882699,964506.1728384116,14186439.953055847,15624999.999994755,-12731481.48147952,0.004000000000000448,5,3207,3210
3,1197.6785506561828,0.9390000000000001,4,0.7102237687909656,406,138.2162553390891,0.016157811376729017,1.007188327571647,5.81953769817878,-4.71238898038469,-4.679067992166756,1189.1268286314964,6038.206644050705,-6038.206644056068,885.4531989262969,850.6197740471356,193,-2032.142857142865,3563.172623387949,1000.0000000005542,-15999.999999994658,-369.024678837067,849.2284123564935,3000.0000000016626,-2000.0000000011084,2704.3685997381567,3217.842651745672,16031.219541876046,0.0,49916.197435306545,1885212.061401148,10000000.000014637,-10999999.99999976,28860217.590642355,3286679149.725355,14999999999.989414,-20000000000.013714,0.13699999999999957,5,3211,3617
3,610.4896569456829,0.47799999999999976,7,0.9960080770954256,229,-3.8714923117415245,0.0014946715015852988,0.08546615886291296,0.4636476090008061,-0.5553603672697913,0.6073986144170741,141.0730097333434,785.3981633978835,-785.3981633978835,822.9550796863595,608.0526293011156,200,2507.1324599709633,1368.5639259605198,8000.000000004434,0.0,-31.441048034928336,217.77015803567696,1000.0000000005542,-1000.0000000005542,2517.179632738137,1367.6495648623477,8062.257748288696,0.0,41075.7910781724,1678376.7406461388,6000000.000008428,-7062257.748292057,40371594.37941813,2881229567.0656815,9062257748.299295,-12124515496.579624,0.005999999999998451,5,5955,6185
3,623.6908701020396,0.9149999999999991,1,0.9603166573970133,250,322.02286022629374,0.016162576072683853,0.3463617750622357,1.5707963267948966,-1.5707963267948966,6.298452566711215,484.67881428950494,1570.796326795767,-1570.796326795767,980.9167568310021,598.9407316254255,96,444.0000000000243,568.2628813894149,2999.999999996334,0.0,2261.904761904785,1421.0061363887912,9000.000000004988,0.0,2395.5931176661443,1383.2013951097224,9219.544457297998,0.0,47357.33083576844,1400211.8369718925,5219544.457298673,-5219544.457296507,51460060.565296546,2483047758.6624265,7123105625.622179,-10439088914.58242,0.0009999999999994458,5,6186,6437
3,984.2239361939737,0.5820000000000007,4,0.9720174193777062,306,332.84112350969303,0.08370461512910873,1.532297813519981,6.038206644052722,-4.71238898038469,0.7600026394907056,3538.2411964081593,6183.516654691852,-6192.525419982273,522.4417063720017,956.6828105490346,142,-2930.462184873855,2633.688267287492,0,-17000.000000009422,-362.15614450901563,613.6055867568222,1000.0000000005542,-3000.0000000016626,3020.926845558375,2627.3412429129667,17262.676501641636,0.0,48813.20081304761,2057527.5306535186,11262676.50165521,-14100398.841479318,47155715.58557144,3585884579.745524,17938121181.325138,-25363075343.148586,0.0010000000000012221,5,6438,6745
3,1133.4121841582325,0.6050000000000004,7,0.7559220526001181,419,-285.90629759092315,0.011236148816705035,0.6864859853593348,5.176036589385496,-4.71238898038469,11.651840184860964,792.9507105939092,5176.0365893883645,-5034.139534784122,364.57455201033076,856.7712646908742,153,1665.5176940015979,2942.632843362453,19000.000000010532,-2000.0000000011084,-876.1976410362323,976.306114890377,0,-4999.999999993889,2469.3792492366138,2654.0287973986105,19235.384061682005,0.0,48739.795280737686,1967650.3652614502,12866068.747283505,-15235384.061688231,54587613.58448313,3484309401.4740624,19297641809.946163,-25926764378.083443,0.006000000000000227,5,6746,7166
1,325.1302323966985,0.8470000000000013,4,0.8623021002077561,260,370.3482261240097,0.2172566152260413,2.737230683886828,5.81953769817878,-4.71238898038469,57.26260406599713,2317.0873659865324,5819.537698192343,-5819.537698192343,870.5720508567531,280.36048223670895,115,-624.7261766011173,567.8252993069439,0,-2000.0000000046612,-162.21106556374534,315.62524759921916,0,-1000.0000000023306,748.0578847971505,527.2051617649563,2236.0679775050007,8.62068965517244,74670.60975467434,519875.64663719694,2000000.0000093223,-1999999.9999986643,63701764.836228095,787296524.8513387,4000000000.0173087,-3000000000.010317,0.10300000000000153,5,7167,7426
1,510.59325871315434,1.3859999999999992,3,0.8259649638578764,377,742.3218880791696,0.1647265175735294,1.7461817868720206,5.81953769817878,-4.71238898038469,40.11041072564193,1994.8676293441365,6038.206644045343,-6085.789747322268,426.2634546735193,421.7321424790859,130,-784.0106014182213,694.3558193981917,0,-4999.999999993889,111.33309813457339,519.725412282714,1999.9999999975557,-1999.9999999975557,952.3341443541391,686.2092852910058,5099.019513586553,5.076142131979717,81299.10219419446,690253.727310135,3099019.5135852103,-2862951.536088225,61727758.16376112,1101208246.5359607,4236067977.491364,-5961971049.68733,0.08200000000000074,5,7430,7806
1,431.43616428461024,1.408999999999999,0,0.8940615270170797,288,98.5625051433051,0.038633903985358126,0.7224943596749523,3.141592653589793,-1.5707963267948966,-8.293524850674826,651.1346137573789,1570.7963267985574,-1570.7963267985574,369.0867300179523,385.7304758506903,111,1034.1343898456564,887.5443272913743,4000.0000000093223,-99.99999999998437,277.7199074074046,437.9645841576671,2000.0000000046612,0.0,1182.4686704183662,852.1292387707039,4000.0000000093223,3.861003861003856,74827.0939842854,894061.2992371715,3162277.660183119,-2999999.999992667,70946805.40736182,1478715078.2763321,6162277660.190148,-5585786437.645505,0.14499999999999957,5,7810,8097
4,114.82842712474618,0.7439999999999998,0,0.9666988148545943,129,3.141592653589793,0.004035750809257042,0.3838911671583656,1.5707963267948966,-1.5707963267948966,-16.327868795096492,228.5383790961423,785.3981633964884,-1570.7963267985574,411.65897043186516,111.00450441310929,104,353.2471834797675,278.3137477861513,1000.0000000023306,0.0,-0.6459948320355818,106.48263644669909,499.99999999938893,-999.9999999987779,365.39123378545963,282.7259708724647,1414.2135623713666,0.0,69211.41843073141,266127.5895092231,1214213.5623698428,-500000.0000005542,63227676.49445865,288604829.3688647,1250000000.0074074,-500000000.00205255,0.10699999999999932,5,8098,8226
3,107.37163089161123,0.34299999999999997,7,0.8859531249899627,96,-23.70384195652761,-0.022200549940210125,0.7645294844770639,1.5707963267948966,-1.5707963267948966,30.86006820473392,623.6260493071071,1570.7963267985574,-1570.7963267985574,400.58351129231954,95.12623192369179,50,501.5149576730759,412.6629117793252,2000.0000000046612,0.0,-137.15277777775097,298.7852558134172,0,-1000.0000000023306,606.6116225112754,399.82246693636654,2000.0000000046612,0.0,79684.48883071275,365046.6961395868,1500000.0000087682,-707106.7811860753,54324694.66486962,510646254.4723853,1750000000.014012,-1495093791.4208689,0.0030000000000001137,5,8227,8324
1,121.2579804089839,0.375,3,0.8821077996598364,109,282.4595447138726,0.2521285269300836,1.1518093303663068,3.141592653589793,-1.5707963267948966,-39.2116531278407,851.5344690086201,1570.7963267985574,-3141.592653597115,382.8534091404719,106.96261028976434,44,-393.8378644800868,344.88577269303045,0,-1000.0000000023306,129.45189367201087,290.1380393587587,1000.0000000023306,0.0,495.40974549230174,358.04916990517523,1414.2135623713666,71.42857142857477,69564.7761511702,261444.77215740285,914213.5623699721,-499999.99999966606,59924537.9450666,319649277.0384195,1164213562.3679383,-749999999.9990265,0.009000000000000341,5,8325,8433
4,125.41421356237309,0.4450000000000003,4,0.9810417530168434,136,365.21014597981275,0.3767980307698403,1.4361874287534981,5.497787143782138,-4.71238898038469,83.45680484148676,1120.056850912151,3141.592653597115,-4712.388980378931,400.4418850836783,123.03657992645927,101,-540.1698179272025,391.21969815897114,0,-2000.0000000046612,-13.480392156855704,99.48814698983831,0,-999.9999999987779,551.4965834751347,388.0553072079702,2000.0000000046612,0.0,107648.06066461962,396827.1617145834,1500000.0000087682,-1000000.0000011084,112671749.69025153,543185064.7800664,2000000000.0104308,-1250000000.0034106,0.0010000000000012221,5,8434,8569
3,61.19348530673793,0.23000000000000043,5,0.8185498651432009,57,-23.382091402130968,0.07983914973749817,3.0804795612035356,4.7123889803847065,-4.71238898038469,126.6391510816926,2336.220609481872,4712.388980395673,-4712.388980395673,393.2527809196981,50.08991914547278,12,-212.1832358673491,341.71197054448174,0,-1000.0000000023306,-332.03842940674315,321.9975006020911,0,-1000.0000000023306,512.0514915031887,331.2177653659996,1000.0000000023306,0.0,84896.61274129359,274113.14107003773,799999.9999977604,-249999.99999983303,42056481.21732143,343803107.15547174,888888888.8865509,-749999999.996806,0.03900000000000148,5,8570,8628
3,247.32228409915558,0.3290000000000006,4,0.8915194644326089,187,33.28100263088301,0.3353563491872097,3.2054460616029052,5.961434752782944,-4.71238898038469,60.76363251564191,3331.8303117251876,5961.434752775658,-5819.537698192343,396.95657807640504,220.49263026232873,46,-799.1978609625755,535.3194214570373,0,-2999.999999996334,-423.4997029114992,479.99326700010005,0,-2000.0000000046612,1014.6944876872308,550.590735571846,3605.551275459583,0.0,80437.90792827979,654044.6259920816,2898444.4942691014,-2828427.1247392767,63301101.19999788,987998943.6459595,3103908098.0462165,-5156854249.472586,0.0030000000000001137,5,8629,8817
3,139.09955295296908,0.23700000000000188,3,0.9221118776848944,115,313.2319701409773,0.17671288294649676,0.7716033445054666,3.141592653589793,-1.5707963267948966,26.64894380864816,937.2288078760541,3141.5926535859535,-3141.5926535859535,156.47250022300847,128.2653499585917,62,-791.7391304346003,481.96540838749627,0,-2000.0000000046612,142.46376811588766,316.95670630036545,1000.0000000023306,0.0,873.912354078284,462.7428966241171,2000.0000000046612,0.0,87063.52309857379,538795.3305574236,1500000.0000087682,-1000000.0000046612,84097305.1927498,768645580.3743273,1957106781.1788516,-2499999999.989946,0.0010000000000012221,5,8818,8934
1,92.53995305855878,0.13799999999999812,7,0.8650991014426233,74,-34.841313298696065,-0.04273064048634976,0.8576441590767501,1.5707963267948966,-1.5707963267948966,13.813755384196199,747.5427869737086,1570.7963267985574,-1570.7963267985574,72.97370838716292,80.05623023850174,17,649.5870870870947,500.6486691929457,2000.0000000046612,0.0,-319.17144417155123,395.4371875024252,0,-1000.0000000023306,847.6205259715198,455.03918250880105,2236.0679775050007,90.90909090909724,74505.35750528607,587798.8028472303,1999999.9999951115,-1236067.9775047123,27982461.054890215,935429168.3283585,3118033988.740449,-2999999999.999659,0.0009999999999976694,5,8935,9008
4,377.6694714658912,1.4159999999999968,0,0.9442766208935354,392,37.8410088976817,0.0059081418285569995,0.47574141389381314,1.5707963267948966,-1.5707963267948966,-0.22575146752921674,318.2680785855822,1570.7963267929767,-1570.7963267985574,520.3036381477871,356.62445233045923,290,534.984880989922,439.4060683684246,2999.999999996334,0.0,54.44606413994045,203.4678624912415,1000.0000000023306,0.0,568.3220779075192,447.7578593859428,3162.2776601645146,0.0,88795.08103189238,481631.562771012,2662277.660160984,-2999999.999992667,76488834.36341196,733911396.8427739,5236067977.515081,-4999999999.979892,0.49499999999999744,5,9009,9400
1,135.88539740695342,0.3880000000000017,1,0.8067244910793754,126,109.02844765764101,0.13359645126158493,0.9323083997255699,1.5707963267948966,-1.5707963267948966,-32.14590621245576,668.0080198789785,1570.7963267985574,-1570.7963267985574,667.0462856440164,109.62207806824317,34,239.79591836728258,332.752578912091,1000.0000000023306,28.571428571428456,332.04236239950575,340.94683912034253,1000.0000000023306,28.571428571428456,520.488795154043,349.5199320833458,1414.2135623713666,40.406101782088264,75096.45034396609,335825.0226536355,1414213.5623696384,-500000.0000005542,57573796.296886034,415975000.21164286,1747546895.7008107,-1328427124.7435136,0.0070000000000014495,5,9401,9526
1,48.128990204491956,0.2749999999999986,2,0.8676937924150455,45,73.82742735936014,0.19155073184567162,0.8836216112231924,1.6660811018093864,-1.5707963267948966,-2.9876617405730896,552.1154047816719,1570.7963267929767,-1570.7963267985574,300.7574535594415,41.7612260356422,18,-82.33445856968329,224.7040618417615,0,-999.9999999987779,245.25645015847158,253.8973488406318,1000.0000000023306,0.0,310.92219317975207,289.58747799525213,1000.0000000023306,35.714285714287385,67924.85531183035,215900.40176211426,823223.3047011154,-187499.99999976374,48977132.05758207,253579157.48264334,937499999.9963406,-749999999.9959178,0.0030000000000001137,5,9530,9574
4,118.41421356237309,0.782,4,0.971314055376725,135,354.2145716922485,0.4396249748333074,1.4821943184498918,5.497787143782138,-4.71238898038469,-14.05303536403596,790.7069445735482,3141.5926535859535,-4712.388980378931,403.8606684105317,115.0173899895142,95,-296.92376769861784,255.30566113866513,0,-1000.0000000023306,-7.407407407411512,136.38558495260352,999.9999999987779,-999.9999999987779,316.9764105222068,267.10230229212414,1000.0000000023306,0.0,56660.08421555131,231027.66142475317,999999.9999975557,-499999.99999966606,46768591.12099732,263978078.6822639,1124999999.9960973,-666666666.6638277,0.062000000000001165,5,9575,9709
3,133.07231000407182,0.2190000000000012,5,0.8547302868729425,111,-96.10237004369698,0.19811396692472022,2.5190325917966243,5.497787143782138,-4.71238898038469,-74.53203099922395,2342.2607609088723,5497.787143775419,-5497.787143794951,444.7475359343111,113.74093370462545,17,-371.9219219218262,472.5975679988222,0,-1999.9999999975557,-604.9549549548154,453.97708135877383,0,-1999.9999999975557,832.8615919456498,486.45522722165623,2236.067977497057,33.33333333333207,88499.31112307434,520317.97920423414,1736067.9774946584,-1000000.0000011084,87408510.74947783,714600733.6675957,2414213562.3677964,-1666666666.6597664,0.0070000000000014495,5,9710,9822
3,73.4361259938572,0.28800000000000026,4,0.8162418356272885,66,46.15863814065696,0.23773832802179712,3.6733766739003504,5.81953769817878,-4.71238898038469,61.49607025948907,2512.651406964437,5497.787143794951,-5497.787143794951,440.9956210302796,59.941638282582836,12,-338.7307137307165,360.2121841099633,0,-1000.0000000023306,-212.41582491590123,319.833249978915,0,-1000.0000000023306,502.9601586812937,368.8783836927972,1414.2135623763909,0.0,74357.93046894955,324816.2261601679,1000000.0000046612,-999999.9999975557,32296835.78757636,383998267.1362928,1000000000.0069917,-999999999.9927808,0.0009999999999976694,5,9823,10392
1,221.85638406300956,0.38300000000000267,2,0.8632151456053403,184,293.73891311064517,0.10821403827473185,0.788606649297593,3.141592653589793,-1.5707963267948966,6.054469774400899,700.4518954759891,1570.7963267985574,-1570.7963267985574,641.4293464600474,191.5097908724251,90,-65.76086956519275,316.7311034781963,1000.0000000023306,-1000.0000000023306,610.5417529331422,477.6879826582605,2000.0000000046612,99.99999999998437,716.9513796744047,435.975116613474,2236.0679775050007,99.99999999998437,79111.68281610955,459839.83102550055,1500000.0000087682,-1236067.9775047123,78557143.78612162,622211094.3243811,1750000000.014012,-2500000000.0094857,0.009000000000000341,5,10393,10576
4,12.0,0.1109999999999971,1,0.7905694150420949,15,14.137166941154069,0.1308996938995747,1.167471573729355,1.5707963267948966,-1.5707963267948966,99.80643327587305,290.95188181551254,785.3981633978835,-130.89969389956974,665.6594474654438,9.486832980505138,5,13.858363858362866,29.345612865844807,83.33333333333017,0.0,177.61497761503284,195.28691669855,500.0000000002771,0.0,191.4733414733957,182.67995668183644,500.0000000002771,0.0,27444.618387764553,95085.14300061531,250000.0000002771,-55555.55555565003,8015179.712331486,63086068.93452665,125000000.00020783,-101851851.85197183,0.0019999999999988916,5,10577,10591
3,284.49309627606476,0.49199999999999733,2,0.9057173456454126,221,361.8886998264307,0.08059479410722675,0.6948810140742633,3.141592653589793,-1.5707963267948966,-36.05104086134917,652.1911378504924,2034.4439358004443,-2356.1944901894653,437.96272204920643,257.6703320136022,118,-111.95108812755593,321.5022914097665,1000.0000000023306,-1000.0000000023306,773.9204912735216,512.2602262681839,2999.999999996334,0.0,856.5567611470663,492.40208128928793,2999.999999996334,0.0,73521.04792999243,507851.48242546956,2236067.977510212,-1414213.5623696384,64795468.19028544,737173613.3838023,3650281539.888357,-2499999999.989946,0.006000000000000227,5,10592,10814
3,521.435597791017,0.6920000000000002,4,0.9761681844200922,306,827.3460166119069,0.11439742447641114,1.3093885056618195,5.81953769817878,-4.71238898038469,-26.754973706141154,1391.5931764962152,5819.537698192343,-5819.537698192343,282.6512792535512,509.00884078766256,234,-1400.1994793094007,954.7567419514894,0,-6000.0000000139835,-11.199176640368819,240.14426361766976,1000.0000000023306,-1000.0000000023306,1430.1621776332463,940.2098569055913,6000.0000000139835,0.0,49061.40189375111,1055405.5970441478,4585786.437653304,-3000000.0000068783,46475354.23361487,1826594727.4198895,5171572875.290831,-5999999999.974448,0.0010000000000012221,5,10815,11122
3,516.8052353913379,0.5280000000000022,5,0.8809255856499602,367,-372.32686948649985,0.04383596877753888,2.0275931096709354,5.497787143782138,-4.71238898038469,42.76470503795559,1958.878872769027,5497.787143794951,-5497.787143794951,386.67423189930054,455.2669546540798,111,-452.8004844081831,490.4592014950312,0,-2000.0000000046612,-946.1095973359401,686.6419616491182,0,-3000.0000000069917,1187.3808247739792,632.940257860483,3605.5512754723923,0.0,57191.725758356566,804897.5238347955,2236067.977510212,-3605551.2754551764,43060947.78093258,1345458315.3963716,4605551275.470571,-5211102550.901767,0.003999999999997783,5,11123,11491
3,466.96145331991767,0.507000000000005,7,0.8886933578059497,313,-99.48980036130665,-0.003851759727228457,0.6240190749880928,1.5707963267948994,-1.5707963267948966,-4.6083931712980135,570.7898389921288,1570.7963267985574,-1570.7963267985574,310.53852961901356,414.9855419168239,167,1045.4510877830194,864.7473550755423,5999.999999971351,0.0,-223.42917997872146,398.37159131064567,1000.0000000023306,-2000.0000000046612,1192.5028116012043,790.9007227514329,5999.999999971351,0.0,76223.35254329529,918244.8602646497,4999999.999945147,-3999999.999976012,56616763.55552006,1556984571.5175457,7162277660.089407,-8999999999.942133,0,5,11492,11806
3,342.67604417551064,0.4660000000000011,0,0.9560372119473296,262,14.60081455015488,0.003961082535957114,0.41565524676146387,1.5707963267948966,-1.5707963267948966,2.7688816671652137,383.6039968084952,1570.7963267985574,-1570.7963267985574,783.7952965817648,327.61104987469514,191,906.6157760812149,585.6046728525229,3000.0000000069917,0.0,70.29262086513897,258.00675902939406,1000.0000000023306,-500.0000000011653,949.782302953494,577.6944888204035,3162.277660175749,0.0,88978.9066092128,723653.9198765462,3162277.660183119,-2162277.6601701993,105350768.27716447,1090426551.2325692,4162277660.1903753,-5324555320.327894,0.0020000000000024443,5,11807,12070
3,736.3133923695361,0.8269999999999982,1,0.5500643568377002,464,414.43778895879234,0.06873253233326755,1.0778217153125758,5.81953769817878,-4.71238898038469,2.547162310927754,1177.4085861642716,5819.537698192343,-5497.787143794951,875.4684128851435,405.0197526047341,171,207.14798850572333,888.7570615510126,4000.0000000093223,-3000.0000000069917,726.0533707864478,1056.4472602118458,6000.0000000139835,-3000.0000000069917,1324.2230451800408,846.9679554542299,7211.1025509447845,0.0,67691.0792764667,964237.6476374908,6465746.558459952,-5796888.988581904,58881431.34167889,1630829268.9358637,7211102550.897014,-12262635547.070435,0.005999999999993122,5,12071,12536
3,117.19071974995019,0.6989999999999981,6,0.7750102212109241,84,-75.38068162609764,-0.06378327116659024,1.195971781021481,4.71238898038469,-4.71238898038469,31.942316271363833,1033.977488484695,4712.388980395673,-4712.388980395673,317.68032908865723,90.82400563727631,39,232.42630385492936,481.04200489820465,2000.0000000046612,-1000.0000000023306,-671.2826319104931,753.8797611454255,499.99999999938893,-3000.0000000069917,910.5422065621633,683.7202700109843,3162.277660175749,4.081632653061267,80958.5637238726,774290.8369529144,2828944.3268490215,-2162277.6601701993,45891121.281622194,1186845776.1609824,3499999999.965852,-4991221986.995388,0.005000000000002558,5,12537,12622
1,236.80511587126725,3.3800000000000026,5,0.769966957383373,144,-177.38611559225836,0.027637305951235078,1.148987933256466,5.497787143782138,-3.887522570888539,-9.779758891341382,1412.6652996566006,5176.036589397559,-5497.787143794951,785.1551568153427,182.33211456021672,42,-200.00354975625467,879.7351618363098,2000.0000000046612,-2999.9999999856755,-1108.6850737365833,942.5696911157502,0,-5999.999999971351,1429.8121434448717,936.1362955256265,6708.203932467338,0.6506180871828241,33276.28636386055,1190191.82351133,5708203.932437751,-6708203.932482972,26968946.09154974,2111633566.2274342,8708203932.512589,-12416407864.949661,0.0010000000000047748,5,12623,12766
3,430.4801213659839,0.24399999999999977,4,0.9764122500564489,149,-60.03616416547689,0.17696667497781163,2.0487583042096573,5.961434752782944,-4.71238898038469,103.82931954301371,3864.329215085799,6085.789747343889,-6118.036629779218,855.3573781688966,420.3260639075336,27,-2467.5615212523235,1641.0095377134567,0,-9999.999999952252,-629.9776286352323,628.3367702583835,0,-3000.0000000069917,2610.538343739261,1659.5458015903955,10049.875621072904,0.0,27592.418587435608,1564961.297623896,6887597.960864268,-5926769.995459448,21371850.445612658,2724262157.231667,8824339814.255568,-12814367956.353582,0.0009999999999976694,5,12770,12920
3,253.27071562736847,0.27600000000000335,3,0.9220208362130692,161,437.74008546260467,0.090492160109104,0.5777954957606289,3.141592653589793,-1.5707963267948966,18.93288759712734,806.5790843944092,3141.5926535747926,-3141.592653597115,268.32718685379336,233.52087701102872,62,-1224.3741765477591,792.478449182848,0,-3000.0000000069917,329.2356797790116,482.28942993028676,2000.0000000046612,0.0,1358.2336361158723,787.6220248229733,3605.551275446773,0.0,43496.71289653628,929289.1512653009,2999999.999971351,-3000000.0000139833,22154397.792583868,1615821501.5399528,5999999999.956685,-4324555320.306691,0.0020000000000024443,5,12921,13083
1,1118.5580778068795,0.7579999999999956,0,0.5743471630886025,623,538.5013970268785,0.07133419469362763,1.07750053283049,5.961434752782944,-4.71238898038469,-0.7898136086802271,1308.0060613708358,5961.4347527968375,-5961.434752754479,246.0351751560088,642.4406587382215,208,770.9381130729633,1290.0066053185622,5000.000000011653,-3000.0000000069917,612.0920278225564,843.7641137890055,4000.0000000093223,-2000.0000000046612,1607.6790283532719,869.0398940205041,6403.124237447772,222.2222222222138,38179.570981673256,1156777.096991516,5403124.2374580335,-5403124.2374267485,42001840.26133882,1995887707.7139163,7403124237.463293,-10806248474.833183,0.0009999999999976694,5,13084,13706
4,3.0,0.08899999999999864,0,0.7453559924999299,6,1.5707963267948966,0.0,1.5707963267948966,1.5707963267948966,-1.5707963267948966,43.63323130016662,418.96991318306385,785.3981633992787,-523.598775598279,234.7871376374779,2.23606797749979,1,138.88888888878492,212.64065787763303,499.99999999938893,0.0,83.33333333352755,200.6932429803393,500.0000000011653,0.0,222.22222222231247,230.4049039259786,500.0000000011653,0.0,72222.22222227596,161039.25600726285,250000.0000011653,-83333.33333322834,26851851.851865243,114604608.9491514,166666666.66758525,-101851851.85236661,0.0020000000000024443,5,13707,13712
1,1286.4500348834338,0.6980000000000004,4,0.5869605019559508,473,295.85554482595364,0.03799466879768661,0.8164631826381172,5.81953769817878,-4.71238898038469,-16.274977506780566,1270.3039668260164,6192.525419993273,-6192.525419993273,698.4309918759136,755.0953582164308,279,-1131.4196937665445,2386.2526263091345,5000.000000011653,-11000.000000025637,-1025.0880902044842,1341.7362635592997,1000.0000000023306,-8000.000000018645,2605.1308033610085,1737.7534184341089,11045.361017213003,18.1818181818171,35143.825533747295,1680683.0878229574,8433981.132099468,-8433981.132043093,33169639.42312034,2976533673.0696416,11039532407.552061,-16867962264.06202,0.026000000000003354,5,13713,14185
4,3.0,0.12299999999999756,3,0.7453559924999299,5,7.853981633974483,1.0471975511965976,0.8278823554830084,1.5707963267948966,0.0,256.2390468197066,352.7847052324685,785.3981633992787,-27.80170489902483,59.4794082014944,2.23606797749979,1,-140.0000000002126,207.60539492072888,0,-500.0000000011653,66.66666666666414,145.29663145135027,333.3333333333207,0.0,206.66666666687675,190.2921730162853,500.0000000011653,0.0,33611.11111124909,75810.26646895494,111111.11111110268,-60000.000000222826,-1379629.6295864582,28147849.14965177,37037037.03703283,-28666666.666853204,0.0049999999999954525,5,14186,14190
3,1482.1524741018538,0.7890000000000015,0,0.4716712381004941,641,14.750381877085184,0.003482770763876576,0.32850353281828626,1.5707963267948966,-1.5707963267948966,-8.166792578135476,497.90022855914196,1570.7963267985574,-1570.7963267985574,828.2511306517204,699.0886925133319,229,1061.102444097616,1195.9188371640716,7000.0000000163145,-1999.9999999904503,91.95665785809163,1871.1594230623637,7000.0000000163145,-5999.999999971351,2179.3133043149032,1142.431829195444,8062.257748260054,0.0,21459.173797153522,1228264.9849111435,5379705.128405083,-5826189.770768631,16456959.0669195,2106869440.822988,7266742776.551166,-10995478234.320793,0.05300000000000438,5,14191,14833
3,709.1687880740175,0.3539999999999992,4,0.9586336555950555,278,492.69375932121136,0.08366267787826155,1.6863359338147843,5.961434752782944,-4.71238898038469,11.951066720094886,2700.2795329817764,6141.288252589735,-6141.288252589735,840.6401911213036,679.8330677453106,166,-2300.2071070418174,1415.787164078825,0,-8000.000000018645,-191.8465227819078,456.52659901442706,1000.0000000023306,-2000.0000000046612,2394.934592331388,1342.374923878358,8000.000000018645,0.0,29558.699730463726,1360380.1096872122,6500000.000035627,-5071067.811889113,22664777.991853524,2407461372.961732,8000000000.070145,-11499999999.98981,0.006000000000000227,5,14834,15113
3,1188.9302991982627,0.7569999999999979,0,0.7127644770997265,392,276.49835242199185,0.009624998569684606,0.3057899743761027,1.5707963267948966,-1.5707963267948966,-1.7603940293493994,415.37000588089654,1570.7963267985574,-1570.7963267985574,567.3914560417586,847.427283016071,180,1770.3166165314549,2395.988283105541,14000.000000032629,0.0,1093.9606524427093,1628.9843345225863,7000.0000000163145,-2999.9999999856755,2908.213652665955,2060.6562913499897,14142.135623763912,5.7803468208094255,22744.819710307605,1670937.202359267,9049875.62117018,-8059373.093456254,27421895.496640295,2942627641.1855807,14132638151.496017,-15099751242.354462,0.0020000000000024443,5,15114,15926
1,1600.6941890117953,1.284000000000006,0,0.41398841262572744,717,-71.8906433042775,-0.001380629333279832,0.46496508502448197,4.71238898038469,-3.141592653589793,8.026467295011804,632.1122136798446,4712.388980395673,-4712.388980395673,835.4127449941542,662.6688464082192,312,897.1408647141066,1576.250746977098,13000.000000030297,-2000.0000000046612,85.52697429859377,1696.2195759850572,7999.999999961801,-4000.0000000093223,2073.207542421191,1366.0076433042998,13000.000000030297,5.102040816326584,41476.28643581767,1367461.7632469242,9000000.000070373,-9837722.339877477,33306978.3646087,2383627191.040992,10099019513.71243,-18837722339.991753,0.0010000000000047748,5,15927,16643
4,3.0,0.11200000000000188,6,1.0,5,-4.71238898038469,-0.5235987755982988,0.5235987755982988,0.0,-1.5707963267948966,-153.2945812894307,345.04096441617054,18.925256949334845,-785.3981633964884,769.0,3.0,2,0.0,0.0,0,0.0,-149.09090909082389,199.18428694350584,0,-499.99999999938893,149.09090909082389,199.18428694350584,499.99999999938893,0.0,45743.80165276365,136243.496203911,249999.99999938894,-59999.999999895976,16351990.984128233,77755729.14469811,124999999.9995417,-61999999.99991337,0.0020000000000024443,5,16644,16648
3,746.0234253372575,0.34499999999999886,4,0.9833983348120915,228,368.3367174914627,0.07111109949078134,1.4312703128459898,6.118036629764959,-4.71238898038469,1.999066209834327,3292.4887408064424,6206.413415924273,-6206.413415924273,818.7114639646753,733.6381942074718,117,-3093.359495229517,2075.029589081157,0,-13000.000000030297,-214.76608187140477,466.73351078349503,1000.0000000023306,-2000.0000000046612,3151.1449238639216,2050.8774305235756,13038.404810435684,0.0,24725.20721329825,2023487.4280174396,9038404.810475849,-7038404.810438104,20317326.368765075,3500335151.646883,10038404810.525223,-16076809620.951422,0.0020000000000024443,5,16649,16878
3,1218.7814641957236,0.6910000000000025,0,0.714188367405868,439,290.93899928298345,0.0004706412586469551,0.278011269881914,1.5707963267948966,-1.5707963267948966,5.24152879069321,412.58823700653335,1570.7963267985574,-1570.7963267985574,478.19288864222506,870.4395441384772,189,1614.2689504875439,1903.188154798419,14000.000000032629,0.0,1022.28549734252,1544.121489827598,6000.0000000139835,-2000.0000000046612,2673.708888284936,1578.821509711926,14000.000000032629,0.0,28989.568279718962,1574149.2727219237,10000000.000075035,-8900980.486448705,22167350.986420427,2740851338.547866,11000000000.12665,-18900980486.56779,0.0030000000000001137,5,16879,17859
3,625.7778576718958,0.47799999999999443,1,0.9736190357995064,261,374.4953227617066,0.030665248332692498,0.3240716828759515,1.5707963267948966,-1.5707963267948966,2.911924258902094,451.9894963344942,1570.7963267985574,-2356.1944901810944,505.581084030429,609.269234411192,120,267.56066411260025,492.6571180787142,2000.0000000046612,-1000.0000000023306,2169.0232925868477,1366.6706217045894,8000.000000018645,0.0,2241.5469014536675,1363.9310854622493,8246.21125125454,0.0,29360.6350710972,1413349.1563083895,6246211.251278646,-5246211.251259774,32574835.50250034,2473098771.1896067,7246211251.307301,-11492422502.565205,0.0009999999999976694,5,17860,18122
